Comment,Designator,Footprint,LCSC,Quantity
100nF,"C10,C13,C4,C5,C6,C7,C8",C_0805_2012Metric,C49678,7
10K,"R16,R17,R18,R19,R20",R_0805_2012Metric,C17414,5
10uF,"C14,C15,C2,C3,C9",C_0805_2012Metric,C15850,5
1K,"R10,R11,R13,R21,R6,R7,R8,R9",R_0805_2012Metric,C17513,8
1N4148WS,D1,D_SOD-323,C2128,1
1uF,C1,C_0805_2012Metric,C28323,1
22,"R12,R2,R3",R_0805_2012Metric,C17561,3
30pF,"C11,C12",C_0603_1608Metric,C1658,2
47uF 10V,C16,C_1206_3216Metric,C96123,1
4K7,"R1,R4,R5",R_0805_2012Metric,C17673,3
51K,"R14,R15",R_0805_2012Metric,C17737,2
74LCX07,U2,TSSOP-14_4.4x5mm_P0.65mm,C2676034,1
8MHz,X1,Crystal_SMD_5032-2Pin_5.0x3.2mm,C115962,1
AP2112K-3.3,U3,SOT-23-5,C23380830,1
B5819W SL,D2,D_SOD-123,C8598,1
Buzzer,J1,BUZ-TH_BD9.0-P4.00-D0.6-FD,C161819,1
Encoder+SER,J4,PinHeader_1x08_P2.54mm_Vertical,C5383116,1
Floppy 34,CN3,IDC-Header_2x17_P2.54mm_Vertical,C601943,1
MMBT3904,Q1,SOT-23,C20526,1
OLED,J3,PinSocket_1x04_P2.54mm_Vertical,C41431927,1
POWER_IN,CN1,171826-4,C590635,1
STM32F105RBT6,U1,LQFP-64_10x10mm_P0.5mm,C8349,1
SY6288DAAC,U4,SOT-23-5,C83700,1
USB,CN2,USB-C-SMD_TYPE-C16PIN,C393939,1
USB_Prog,J2,PinHeader_2x05_P2.54mm_Vertical,C5383106,1
