Designator,Val,Package,Mid X,Mid Y,Rotation,Layer
C1,1uF,C_0805_2012Metric,82.5,-24.4,90.0,top
C10,100nF,C_0805_2012Metric,80.18,-43.6925,0.0,top
C11,30pF,C_0603_1608Metric,79.6,-40.85,0.0,top
C12,30pF,C_0603_1608Metric,79.6,-37.15,0.0,top
C13,100nF,C_0805_2012Metric,75.6,-32.35,180.0,top
C14,10uF,C_0805_2012Metric,58.1,-35.14,-90.0,top
C15,10uF,C_0805_2012Metric,51.87,-44.09,-90.0,top
C16,47uF 10V,C_1206_3216Metric,54.1,-44.615,-90.0,top
C2,10uF,C_0805_2012Metric,82.7,-33.3,-90.0,top
C3,10uF,C_0805_2012Metric,60.825,-45.01,-90.0,top
C4,100nF,C_0805_2012Metric,69.25,-29.0,-90.0,top
C5,100nF,C_0805_2012Metric,62.7,-29.0,-90.0,top
C6,100nF,C_0805_2012Metric,58.0,-42.2,0.0,top
C7,100nF,C_0805_2012Metric,70.3175,-45.9975,90.0,top
C8,100nF,C_0805_2012Metric,75.0,-34.6,180.0,top
C9,10uF,C_0805_2012Metric,71.3,-29.0,90.0,top
CN1,POWER_IN,171826-4,86.0,-23.7,-90.0,top
CN2,USB,USB-C-SMD_TYPE-C16PIN,48.7825,-37.6,-90.0,top
CN3,Floppy 34,IDC-Header_2x17_P2.54mm_Vertical,69.39,-55.37,180.0,top
D1,1N4148WS,D_SOD-323,76.0575,-26.76,0.0,top
D2,B5819W SL,D_SOD-123,54.69,-34.97,180.0,top
J1,Buzzer,BUZ-TH_BD9.0-P4.00-D0.6-FD,56.19,-28.33,180.0,top
J2,USB_Prog,PinHeader_2x05_P2.54mm_Vertical,91.63,-36.1,90.0,top
J3,OLED,PinSocket_1x04_P2.54mm_Vertical,69.95,-23.85,0.0,top
J4,Encoder+SER,PinHeader_1x08_P2.54mm_Vertical,54.52,-20.0,0.0,top
Q1,MMBT3904,SOT-23,76.8925,-29.55,180.0,top
R1,4K7,R_0805_2012Metric,79.2,-32.35,0.0,top
R10,1K,R_0805_2012Metric,52.4,-49.3,0.0,top
R11,1K,R_0805_2012Metric,71.75,-49.3,0.0,top
R12,22,R_0805_2012Metric,78.91,-26.25,90.0,top
R13,1K,R_0805_2012Metric,73.39,-29.56,90.0,top
R14,51K,R_0805_2012Metric,45.95,-30.83,90.0,top
R15,51K,R_0805_2012Metric,54.1,-40.2625,-90.0,top
R16,10K,R_0805_2012Metric,74.21,-20.25,0.0,top
R17,10K,R_0805_2012Metric,56.53,-45.1225,-90.0,top
R18,10K,R_0805_2012Metric,82.69,-37.36,-90.0,top
R19,10K,R_0805_2012Metric,82.69,-40.97,90.0,top
R2,22,R_0805_2012Metric,58.0375,-38.101866,180.0,top
R20,10K,R_0805_2012Metric,78.38,-20.25,180.0,top
R21,1K,R_0805_2012Metric,75.5,-49.3,0.0,top
R3,22,R_0805_2012Metric,58.0375,-40.101866,180.0,top
R4,4K7,R_0805_2012Metric,68.25,-46.0,90.0,top
R5,4K7,R_0805_2012Metric,65.9,-29.0,90.0,top
R6,1K,R_0805_2012Metric,79.25,-49.29,0.0,top
R7,1K,R_0805_2012Metric,68.0,-49.3,0.0,top
R8,1K,R_0805_2012Metric,64.25,-49.3,0.0,top
R9,1K,R_0805_2012Metric,60.5,-49.3,0.0,top
U1,STM32F105RBT6,LQFP-64_10x10mm_P0.5mm,66.5,-37.5,90.0,top
U2,74LCX07,TSSOP-14_4.4x5mm_P0.65mm,84.71,-46.53,90.0,top
U3,AP2112K-3.3,SOT-23-5,81.75,-28.8625,90.0,top
U4,SY6288DAAC,SOT-23-5,49.12,-30.8675,180.0,top
X1,8MHz,Crystal_SMD_5032-2Pin_5.0x3.2mm,75.9,-39.0,90.0,top
